[{"model": "admin.logentry", "pk": 1, "fields": {"action_time": "2023-01-24T14:20:23.893Z", "user": 1, "content_type": 4, "object_id": "2", "object_repr": "testuser", "action_flag": 1, "change_message": "[{\"added\": {}}]"}}, {"model": "admin.logentry", "pk": 2, "fields": {"action_time": "2023-01-25T08:27:36.482Z", "user": 1, "content_type": 4, "object_id": "1", "object_repr": "korayzorlu", "action_flag": 2, "change_message": "[{\"added\": {\"name\": \"employee\", \"object\": \"Employee object (3)\"}}]"}}, {"model": "admin.logentry", "pk": 3, "fields": {"action_time": "2023-01-25T08:29:42.948Z", "user": 1, "content_type": 4, "object_id": "1", "object_repr": "korayzorlu", "action_flag": 2, "change_message": "[{\"changed\": {\"name\": \"employee\", \"object\": \"Employee object (3)\", \"fields\": [\"Profil Resmi\"]}}]"}}, {"model": "admin.logentry", "pk": 4, "fields": {"action_time": "2023-01-25T08:30:53.732Z", "user": 1, "content_type": 4, "object_id": "1", "object_repr": "korayzorlu", "action_flag": 2, "change_message": "[{\"changed\": {\"name\": \"employee\", \"object\": \"Employee object (3)\", \"fields\": [\"Profil Resmi\"]}}]"}}, {"model": "admin.logentry", "pk": 5, "fields": {"action_time": "2023-01-25T08:32:19.284Z", "user": 1, "content_type": 4, "object_id": "1", "object_repr": "korayzorlu", "action_flag": 2, "change_message": "[]"}}, {"model": "admin.logentry", "pk": 6, "fields": {"action_time": "2023-01-26T08:07:40.488Z", "user": 1, "content_type": 4, "object_id": "1", "object_repr": "korayzorlu", "action_flag": 2, "change_message": "[{\"changed\": {\"name\": \"employee\", \"object\": \"Employee object (3)\", \"fields\": [\"User type\"]}}]"}}, {"model": "admin.logentry", "pk": 7, "fields": {"action_time": "2023-01-26T08:08:03.275Z", "user": 1, "content_type": 4, "object_id": "3", "object_repr": "romanouser", "action_flag": 3, "change_message": ""}}, {"model": "admin.logentry", "pk": 8, "fields": {"action_time": "2023-01-26T08:08:03.347Z", "user": 1, "content_type": 4, "object_id": "2", "object_repr": "testuser", "action_flag": 3, "change_message": ""}}, {"model": "admin.logentry", "pk": 9, "fields": {"action_time": "2023-01-26T08:08:03.404Z", "user": 1, "content_type": 4, "object_id": "4", "object_repr": "testuser2", "action_flag": 3, "change_message": ""}}, {"model": "admin.logentry", "pk": 10, "fields": {"action_time": "2023-01-26T08:24:39.989Z", "user": 1, "content_type": 4, "object_id": "5", "object_repr": "testuser", "action_flag": 2, "change_message": "[{\"changed\": {\"name\": \"employee\", \"object\": \"Employee object (4)\", \"fields\": [\"User type\", \"Profil Resmi\"]}}]"}}, {"model": "admin.logentry", "pk": 11, "fields": {"action_time": "2023-01-26T08:26:18.375Z", "user": 1, "content_type": 4, "object_id": "5", "object_repr": "testuser", "action_flag": 2, "change_message": "[{\"changed\": {\"name\": \"employee\", \"object\": \"Employee object (4)\", \"fields\": [\"Profil Resmi\"]}}]"}}, {"model": "admin.logentry", "pk": 12, "fields": {"action_time": "2023-01-26T09:25:06.184Z", "user": 1, "content_type": 9, "object_id": "1", "object_repr": "Celfi", "action_flag": 1, "change_message": "[{\"added\": {}}]"}}, {"model": "admin.logentry", "pk": 13, "fields": {"action_time": "2023-01-26T09:32:14.862Z", "user": 1, "content_type": 9, "object_id": "2", "object_repr": "Di­er", "action_flag": 1, "change_message": "[{\"added\": {}}]"}}, {"model": "admin.logentry", "pk": 14, "fields": {"action_time": "2023-01-26T09:35:21.593Z", "user": 1, "content_type": 10, "object_id": "1", "object_repr": "Mente■e", "action_flag": 1, "change_message": "[{\"added\": {}}]"}}, {"model": "admin.logentry", "pk": 15, "fields": {"action_time": "2023-01-26T14:01:21.202Z", "user": 1, "content_type": 10, "object_id": "1", "object_repr": "Mente■e", "action_flag": 2, "change_message": "[{\"changed\": {\"fields\": [\"Malzeme Tipi\"]}}]"}}, {"model": "admin.logentry", "pk": 16, "fields": {"action_time": "2023-01-26T14:02:41.987Z", "user": 1, "content_type": 9, "object_id": "3", "object_repr": "Sar² Eksen", "action_flag": 1, "change_message": "[{\"added\": {}}]"}}, {"model": "admin.logentry", "pk": 17, "fields": {"action_time": "2023-01-26T14:03:42.339Z", "user": 1, "content_type": 10, "object_id": "2", "object_repr": "Hafele 300mm Frenli Ray", "action_flag": 1, "change_message": "[{\"added\": {}}]"}}, {"model": "admin.logentry", "pk": 18, "fields": {"action_time": "2023-01-26T14:48:09.073Z", "user": 1, "content_type": 10, "object_id": "1", "object_repr": "Mente■e", "action_flag": 2, "change_message": "[{\"changed\": {\"fields\": [\"Kaynak\", \"Miktar\", \"Birim Fiyat\"]}}]"}}, {"model": "admin.logentry", "pk": 19, "fields": {"action_time": "2023-01-26T14:48:59.707Z", "user": 1, "content_type": 10, "object_id": "3", "object_repr": "Me■e Kereste", "action_flag": 1, "change_message": "[{\"added\": {}}]"}}, {"model": "admin.logentry", "pk": 20, "fields": {"action_time": "2023-01-26T14:49:31.803Z", "user": 1, "content_type": 10, "object_id": "4", "object_repr": "Kaplamal² MDF 18mm", "action_flag": 1, "change_message": "[{\"added\": {}}]"}}, {"model": "admin.logentry", "pk": 21, "fields": {"action_time": "2023-01-26T14:50:05.333Z", "user": 1, "content_type": 10, "object_id": "5", "object_repr": "Ãekmece MDF", "action_flag": 1, "change_message": "[{\"added\": {}}]"}}, {"model": "admin.logentry", "pk": 22, "fields": {"action_time": "2023-01-26T14:50:32.357Z", "user": 1, "content_type": 10, "object_id": "6", "object_repr": "Aral²k", "action_flag": 1, "change_message": "[{\"added\": {}}]"}}, {"model": "admin.logentry", "pk": 23, "fields": {"action_time": "2023-01-26T14:50:55.681Z", "user": 1, "content_type": 10, "object_id": "7", "object_repr": "Tutkal", "action_flag": 1, "change_message": "[{\"added\": {}}]"}}, {"model": "admin.logentry", "pk": 24, "fields": {"action_time": "2023-01-26T14:51:30.686Z", "user": 1, "content_type": 10, "object_id": "8", "object_repr": "Kenar Band²", "action_flag": 1, "change_message": "[{\"added\": {}}]"}}, {"model": "admin.logentry", "pk": 25, "fields": {"action_time": "2023-01-26T14:51:52.411Z", "user": 1, "content_type": 10, "object_id": "9", "object_repr": "Maxifix", "action_flag": 1, "change_message": "[{\"added\": {}}]"}}, {"model": "admin.logentry", "pk": 26, "fields": {"action_time": "2023-01-26T14:52:08.096Z", "user": 1, "content_type": 10, "object_id": "10", "object_repr": "L Ba­lant²", "action_flag": 1, "change_message": "[{\"added\": {}}]"}}, {"model": "admin.logentry", "pk": 27, "fields": {"action_time": "2023-01-26T14:54:32.810Z", "user": 1, "content_type": 10, "object_id": "11", "object_repr": "Minifix", "action_flag": 1, "change_message": "[{\"added\": {}}]"}}, {"model": "admin.logentry", "pk": 28, "fields": {"action_time": "2023-01-26T14:54:57.686Z", "user": 1, "content_type": 10, "object_id": "12", "object_repr": "Ask² Tak²m²", "action_flag": 1, "change_message": "[{\"added\": {}}]"}}, {"model": "admin.logentry", "pk": 29, "fields": {"action_time": "2023-01-26T14:55:59.956Z", "user": 1, "content_type": 10, "object_id": "13", "object_repr": "Ayna", "action_flag": 1, "change_message": "[{\"added\": {}}]"}}, {"model": "admin.logentry", "pk": 30, "fields": {"action_time": "2023-01-26T14:57:58.552Z", "user": 1, "content_type": 10, "object_id": "14", "object_repr": "Raf Pimi", "action_flag": 1, "change_message": "[{\"added\": {}}]"}}, {"model": "admin.logentry", "pk": 31, "fields": {"action_time": "2023-01-26T14:58:15.968Z", "user": 1, "content_type": 10, "object_id": "15", "object_repr": "CNC", "action_flag": 1, "change_message": "[{\"added\": {}}]"}}, {"model": "admin.logentry", "pk": 32, "fields": {"action_time": "2023-01-26T14:58:44.451Z", "user": 1, "content_type": 10, "object_id": "16", "object_repr": "Boya", "action_flag": 1, "change_message": "[{\"added\": {}}]"}}, {"model": "admin.logentry", "pk": 33, "fields": {"action_time": "2023-01-26T14:59:25.631Z", "user": 1, "content_type": 10, "object_id": "17", "object_repr": "Ray", "action_flag": 1, "change_message": "[{\"added\": {}}]"}}, {"model": "admin.logentry", "pk": 34, "fields": {"action_time": "2023-01-26T18:24:43.138Z", "user": 1, "content_type": 10, "object_id": "18", "object_repr": "Kulp", "action_flag": 1, "change_message": "[{\"added\": {}}]"}}, {"model": "admin.logentry", "pk": 35, "fields": {"action_time": "2023-01-26T18:25:16.877Z", "user": 1, "content_type": 10, "object_id": "19", "object_repr": "Lata", "action_flag": 1, "change_message": "[{\"added\": {}}]"}}, {"model": "admin.logentry", "pk": 36, "fields": {"action_time": "2023-01-26T18:25:43.827Z", "user": 1, "content_type": 10, "object_id": "20", "object_repr": "D÷■eme", "action_flag": 1, "change_message": "[{\"added\": {}}]"}}, {"model": "admin.logentry", "pk": 37, "fields": {"action_time": "2023-01-26T18:26:15.313Z", "user": 1, "content_type": 10, "object_id": "21", "object_repr": "Hazeran", "action_flag": 1, "change_message": "[{\"added\": {}}]"}}, {"model": "admin.logentry", "pk": 38, "fields": {"action_time": "2023-01-26T18:26:30.398Z", "user": 1, "content_type": 10, "object_id": "22", "object_repr": "Torna", "action_flag": 1, "change_message": "[{\"added\": {}}]"}}, {"model": "admin.logentry", "pk": 39, "fields": {"action_time": "2023-01-26T18:27:07.397Z", "user": 1, "content_type": 10, "object_id": "23", "object_repr": "Paketleme", "action_flag": 1, "change_message": "[{\"added\": {}}]"}}, {"model": "admin.logentry", "pk": 40, "fields": {"action_time": "2023-01-26T18:27:26.210Z", "user": 1, "content_type": 10, "object_id": "24", "object_repr": "Nakliye", "action_flag": 1, "change_message": "[{\"added\": {}}]"}}, {"model": "admin.logentry", "pk": 41, "fields": {"action_time": "2023-01-26T18:27:40.788Z", "user": 1, "content_type": 10, "object_id": "25", "object_repr": "Google", "action_flag": 1, "change_message": "[{\"added\": {}}]"}}, {"model": "admin.logentry", "pk": 42, "fields": {"action_time": "2023-01-26T18:29:05.645Z", "user": 1, "content_type": 10, "object_id": "26", "object_repr": "Kaplamal² MDF 25mm", "action_flag": 1, "change_message": "[{\"added\": {}}]"}}, {"model": "admin.logentry", "pk": 43, "fields": {"action_time": "2023-01-26T18:29:48.417Z", "user": 1, "content_type": 10, "object_id": "27", "object_repr": "Kay²n Kereste", "action_flag": 1, "change_message": "[{\"added\": {}}]"}}, {"model": "admin.logentry", "pk": 44, "fields": {"action_time": "2023-01-26T18:30:23.349Z", "user": 1, "content_type": 10, "object_id": "28", "object_repr": "Ham MDF 18mm", "action_flag": 1, "change_message": "[{\"added\": {}}]"}}, {"model": "admin.logentry", "pk": 45, "fields": {"action_time": "2023-01-26T18:57:39.986Z", "user": 1, "content_type": 10, "object_id": "29", "object_repr": "ytukj7tyuk", "action_flag": 1, "change_message": "[{\"added\": {}}]"}}, {"model": "admin.logentry", "pk": 46, "fields": {"action_time": "2023-01-26T18:58:03.758Z", "user": 1, "content_type": 10, "object_id": "29", "object_repr": "ytukj7tyuk", "action_flag": 3, "change_message": ""}}, {"model": "admin.logentry", "pk": 47, "fields": {"action_time": "2023-01-26T18:58:14.642Z", "user": 1, "content_type": 10, "object_id": "30", "object_repr": "fqfeqwqwf", "action_flag": 1, "change_message": "[{\"added\": {}}]"}}, {"model": "admin.logentry", "pk": 48, "fields": {"action_time": "2023-01-27T05:33:36.612Z", "user": 1, "content_type": 10, "object_id": "30", "object_repr": "fqfeqwqwf", "action_flag": 3, "change_message": ""}}, {"model": "admin.logentry", "pk": 49, "fields": {"action_time": "2023-01-27T08:18:17.402Z", "user": 1, "content_type": 10, "object_id": "31", "object_repr": "arararara", "action_flag": 3, "change_message": ""}}, {"model": "admin.logentry", "pk": 50, "fields": {"action_time": "2023-01-27T08:22:18.000Z", "user": 1, "content_type": 10, "object_id": "32", "object_repr": "aaaaarrrqq", "action_flag": 3, "change_message": ""}}, {"model": "admin.logentry", "pk": 51, "fields": {"action_time": "2023-01-27T08:34:12.990Z", "user": 1, "content_type": 10, "object_id": "33", "object_repr": "asdqwdqwd", "action_flag": 3, "change_message": ""}}, {"model": "admin.logentry", "pk": 52, "fields": {"action_time": "2023-01-27T08:44:05.973Z", "user": 1, "content_type": 10, "object_id": "34", "object_repr": "aqdadasdf", "action_flag": 3, "change_message": ""}}, {"model": "admin.logentry", "pk": 53, "fields": {"action_time": "2023-01-27T09:33:08.898Z", "user": 1, "content_type": 10, "object_id": "41", "object_repr": "axazaxaz", "action_flag": 3, "change_message": ""}}, {"model": "admin.logentry", "pk": 54, "fields": {"action_time": "2023-01-27T09:33:08.981Z", "user": 1, "content_type": 10, "object_id": "40", "object_repr": "asfdsdf", "action_flag": 3, "change_message": ""}}, {"model": "admin.logentry", "pk": 55, "fields": {"action_time": "2023-01-27T09:33:09.041Z", "user": 1, "content_type": 10, "object_id": "39", "object_repr": "qwasdqad", "action_flag": 3, "change_message": ""}}, {"model": "admin.logentry", "pk": 56, "fields": {"action_time": "2023-01-27T09:33:09.108Z", "user": 1, "content_type": 10, "object_id": "38", "object_repr": "asdaqdfwqef", "action_flag": 3, "change_message": ""}}, {"model": "admin.logentry", "pk": 57, "fields": {"action_time": "2023-01-27T09:33:09.165Z", "user": 1, "content_type": 10, "object_id": "37", "object_repr": "asdqadqwedf", "action_flag": 3, "change_message": ""}}, {"model": "admin.logentry", "pk": 58, "fields": {"action_time": "2023-01-27T09:33:09.292Z", "user": 1, "content_type": 10, "object_id": "36", "object_repr": "aqqwdacv", "action_flag": 3, "change_message": ""}}, {"model": "admin.logentry", "pk": 59, "fields": {"action_time": "2023-01-27T09:33:09.373Z", "user": 1, "content_type": 10, "object_id": "35", "object_repr": "adqdqdqwed", "action_flag": 3, "change_message": ""}}, {"model": "admin.logentry", "pk": 60, "fields": {"action_time": "2023-01-27T11:26:08.903Z", "user": 1, "content_type": 10, "object_id": "46", "object_repr": "qwdqdadasf", "action_flag": 3, "change_message": ""}}, {"model": "admin.logentry", "pk": 61, "fields": {"action_time": "2023-01-27T11:26:08.997Z", "user": 1, "content_type": 10, "object_id": "45", "object_repr": "asdqwefdwefwef", "action_flag": 3, "change_message": ""}}, {"model": "admin.logentry", "pk": 62, "fields": {"action_time": "2023-01-27T11:26:09.064Z", "user": 1, "content_type": 10, "object_id": "44", "object_repr": "asdasfdwqef", "action_flag": 3, "change_message": ""}}, {"model": "admin.logentry", "pk": 63, "fields": {"action_time": "2023-01-27T11:26:09.139Z", "user": 1, "content_type": 10, "object_id": "43", "object_repr": "yeni malzeme", "action_flag": 3, "change_message": ""}}, {"model": "admin.logentry", "pk": 64, "fields": {"action_time": "2023-01-27T11:26:09.215Z", "user": 1, "content_type": 10, "object_id": "42", "object_repr": "asdasfdasd", "action_flag": 3, "change_message": ""}}, {"model": "admin.logentry", "pk": 65, "fields": {"action_time": "2023-01-30T11:29:22.177Z", "user": 1, "content_type": 11, "object_id": "1", "object_repr": "Di­er", "action_flag": 1, "change_message": "[{\"added\": {}}]"}}, {"model": "admin.logentry", "pk": 66, "fields": {"action_time": "2023-01-30T11:30:41.146Z", "user": 1, "content_type": 11, "object_id": "2", "object_repr": "Mente■e", "action_flag": 1, "change_message": "[{\"added\": {}}]"}}, {"model": "admin.logentry", "pk": 67, "fields": {"action_time": "2023-01-30T11:30:47.136Z", "user": 1, "content_type": 11, "object_id": "3", "object_repr": "Ray", "action_flag": 1, "change_message": "[{\"added\": {}}]"}}, {"model": "admin.logentry", "pk": 68, "fields": {"action_time": "2023-01-30T11:30:52.711Z", "user": 1, "content_type": 11, "object_id": "4", "object_repr": "Kereste", "action_flag": 1, "change_message": "[{\"added\": {}}]"}}, {"model": "admin.logentry", "pk": 69, "fields": {"action_time": "2023-01-30T11:31:03.541Z", "user": 1, "content_type": 11, "object_id": "5", "object_repr": "MDF", "action_flag": 1, "change_message": "[{\"added\": {}}]"}}, {"model": "admin.logentry", "pk": 70, "fields": {"action_time": "2023-01-30T11:31:12.315Z", "user": 1, "content_type": 11, "object_id": "6", "object_repr": "Aral²k", "action_flag": 1, "change_message": "[{\"added\": {}}]"}}, {"model": "admin.logentry", "pk": 71, "fields": {"action_time": "2023-01-30T11:32:16.839Z", "user": 1, "content_type": 11, "object_id": "7", "object_repr": "Yap²■t²r²c²", "action_flag": 1, "change_message": "[{\"added\": {}}]"}}, {"model": "admin.logentry", "pk": 72, "fields": {"action_time": "2023-01-30T11:33:58.607Z", "user": 1, "content_type": 11, "object_id": "8", "object_repr": "Kenar Band²", "action_flag": 1, "change_message": "[{\"added\": {}}]"}}, {"model": "admin.logentry", "pk": 73, "fields": {"action_time": "2023-01-30T11:34:17.170Z", "user": 1, "content_type": 11, "object_id": "9", "object_repr": "Maxifix", "action_flag": 1, "change_message": "[{\"added\": {}}]"}}, {"model": "admin.logentry", "pk": 74, "fields": {"action_time": "2023-01-30T11:34:23.007Z", "user": 1, "content_type": 11, "object_id": "10", "object_repr": "Minifix", "action_flag": 1, "change_message": "[{\"added\": {}}]"}}, {"model": "admin.logentry", "pk": 75, "fields": {"action_time": "2023-01-30T11:35:24.983Z", "user": 1, "content_type": 11, "object_id": "11", "object_repr": "Ba­lant²", "action_flag": 1, "change_message": "[{\"added\": {}}]"}}, {"model": "admin.logentry", "pk": 76, "fields": {"action_time": "2023-01-30T11:35:35.436Z", "user": 1, "content_type": 11, "object_id": "10", "object_repr": "Minifix", "action_flag": 3, "change_message": ""}}, {"model": "admin.logentry", "pk": 77, "fields": {"action_time": "2023-01-30T11:35:35.523Z", "user": 1, "content_type": 11, "object_id": "9", "object_repr": "Maxifix", "action_flag": 3, "change_message": ""}}, {"model": "admin.logentry", "pk": 78, "fields": {"action_time": "2023-01-30T11:37:08.019Z", "user": 1, "content_type": 11, "object_id": "3", "object_repr": "Ray", "action_flag": 3, "change_message": ""}}, {"model": "admin.logentry", "pk": 79, "fields": {"action_time": "2023-01-30T11:37:08.108Z", "user": 1, "content_type": 11, "object_id": "2", "object_repr": "Mente■e", "action_flag": 3, "change_message": ""}}, {"model": "admin.logentry", "pk": 80, "fields": {"action_time": "2023-01-30T11:37:13.606Z", "user": 1, "content_type": 11, "object_id": "12", "object_repr": "Mekanizma", "action_flag": 1, "change_message": "[{\"added\": {}}]"}}, {"model": "admin.logentry", "pk": 81, "fields": {"action_time": "2023-01-30T11:37:24.782Z", "user": 1, "content_type": 11, "object_id": "13", "object_repr": "CNC", "action_flag": 1, "change_message": "[{\"added\": {}}]"}}, {"model": "admin.logentry", "pk": 82, "fields": {"action_time": "2023-01-30T11:37:30.278Z", "user": 1, "content_type": 11, "object_id": "14", "object_repr": "Boya", "action_flag": 1, "change_message": "[{\"added\": {}}]"}}, {"model": "admin.logentry", "pk": 83, "fields": {"action_time": "2023-01-30T11:38:22.746Z", "user": 1, "content_type": 11, "object_id": "15", "object_repr": "Kulp", "action_flag": 1, "change_message": "[{\"added\": {}}]"}}, {"model": "admin.logentry", "pk": 84, "fields": {"action_time": "2023-01-30T11:38:47.781Z", "user": 1, "content_type": 11, "object_id": "16", "object_repr": "Lata", "action_flag": 1, "change_message": "[{\"added\": {}}]"}}, {"model": "admin.logentry", "pk": 85, "fields": {"action_time": "2023-01-30T11:38:52.805Z", "user": 1, "content_type": 11, "object_id": "17", "object_repr": "D÷■eme", "action_flag": 1, "change_message": "[{\"added\": {}}]"}}, {"model": "admin.logentry", "pk": 86, "fields": {"action_time": "2023-01-30T11:39:01.178Z", "user": 1, "content_type": 11, "object_id": "18", "object_repr": "Hazeran", "action_flag": 1, "change_message": "[{\"added\": {}}]"}}, {"model": "admin.logentry", "pk": 87, "fields": {"action_time": "2023-01-30T11:39:08.887Z", "user": 1, "content_type": 11, "object_id": "19", "object_repr": "Torna", "action_flag": 1, "change_message": "[{\"added\": {}}]"}}, {"model": "admin.logentry", "pk": 88, "fields": {"action_time": "2023-01-30T11:39:15.712Z", "user": 1, "content_type": 11, "object_id": "20", "object_repr": "Paketleme", "action_flag": 1, "change_message": "[{\"added\": {}}]"}}, {"model": "admin.logentry", "pk": 89, "fields": {"action_time": "2023-01-30T11:39:21.677Z", "user": 1, "content_type": 11, "object_id": "21", "object_repr": "Nakliyat", "action_flag": 1, "change_message": "[{\"added\": {}}]"}}, {"model": "admin.logentry", "pk": 90, "fields": {"action_time": "2023-01-30T11:39:53.924Z", "user": 1, "content_type": 11, "object_id": "22", "object_repr": "Pazarlama", "action_flag": 1, "change_message": "[{\"added\": {}}]"}}, {"model": "admin.logentry", "pk": 91, "fields": {"action_time": "2023-01-30T11:40:03.141Z", "user": 1, "content_type": 10, "object_id": "28", "object_repr": "Ham MDF 18mm", "action_flag": 2, "change_message": "[{\"changed\": {\"fields\": [\"Kategori\"]}}]"}}, {"model": "admin.logentry", "pk": 92, "fields": {"action_time": "2023-01-30T11:40:14.576Z", "user": 1, "content_type": 10, "object_id": "27", "object_repr": "Kay²n Kereste", "action_flag": 2, "change_message": "[{\"changed\": {\"fields\": [\"Kategori\"]}}]"}}, {"model": "admin.logentry", "pk": 93, "fields": {"action_time": "2023-01-30T11:40:20.726Z", "user": 1, "content_type": 10, "object_id": "26", "object_repr": "Kaplamal² MDF 25mm", "action_flag": 2, "change_message": "[{\"changed\": {\"fields\": [\"Kategori\"]}}]"}}, {"model": "admin.logentry", "pk": 94, "fields": {"action_time": "2023-01-30T11:40:23.171Z", "user": 1, "content_type": 10, "object_id": "27", "object_repr": "Kay²n Kereste", "action_flag": 2, "change_message": "[]"}}, {"model": "admin.logentry", "pk": 95, "fields": {"action_time": "2023-01-30T11:40:26.036Z", "user": 1, "content_type": 10, "object_id": "26", "object_repr": "Kaplamal² MDF 25mm", "action_flag": 2, "change_message": "[]"}}, {"model": "admin.logentry", "pk": 96, "fields": {"action_time": "2023-01-30T11:40:32.553Z", "user": 1, "content_type": 10, "object_id": "25", "object_repr": "Google", "action_flag": 2, "change_message": "[{\"changed\": {\"fields\": [\"Kategori\"]}}]"}}, {"model": "admin.logentry", "pk": 97, "fields": {"action_time": "2023-01-30T11:40:37.809Z", "user": 1, "content_type": 10, "object_id": "24", "object_repr": "Nakliye", "action_flag": 2, "change_message": "[{\"changed\": {\"fields\": [\"Kategori\"]}}]"}}, {"model": "admin.logentry", "pk": 98, "fields": {"action_time": "2023-01-30T11:40:44.132Z", "user": 1, "content_type": 10, "object_id": "23", "object_repr": "Paketleme", "action_flag": 2, "change_message": "[{\"changed\": {\"fields\": [\"Kategori\"]}}]"}}, {"model": "admin.logentry", "pk": 99, "fields": {"action_time": "2023-01-30T11:40:50.276Z", "user": 1, "content_type": 10, "object_id": "22", "object_repr": "Torna", "action_flag": 2, "change_message": "[{\"changed\": {\"fields\": [\"Kategori\"]}}]"}}, {"model": "admin.logentry", "pk": 100, "fields": {"action_time": "2023-01-30T11:40:56.690Z", "user": 1, "content_type": 10, "object_id": "21", "object_repr": "Hazeran", "action_flag": 2, "change_message": "[{\"changed\": {\"fields\": [\"Kategori\"]}}]"}}, {"model": "admin.logentry", "pk": 101, "fields": {"action_time": "2023-01-30T11:41:02.572Z", "user": 1, "content_type": 10, "object_id": "20", "object_repr": "D÷■eme", "action_flag": 2, "change_message": "[{\"changed\": {\"fields\": [\"Kategori\"]}}]"}}, {"model": "admin.logentry", "pk": 102, "fields": {"action_time": "2023-01-30T11:41:12.459Z", "user": 1, "content_type": 10, "object_id": "19", "object_repr": "Lata", "action_flag": 2, "change_message": "[{\"changed\": {\"fields\": [\"Kategori\"]}}]"}}, {"model": "admin.logentry", "pk": 103, "fields": {"action_time": "2023-01-30T11:41:18.050Z", "user": 1, "content_type": 10, "object_id": "18", "object_repr": "Kulp", "action_flag": 2, "change_message": "[{\"changed\": {\"fields\": [\"Kategori\"]}}]"}}, {"model": "admin.logentry", "pk": 104, "fields": {"action_time": "2023-01-30T11:41:24.907Z", "user": 1, "content_type": 10, "object_id": "17", "object_repr": "Ray", "action_flag": 2, "change_message": "[{\"changed\": {\"fields\": [\"Kategori\"]}}]"}}, {"model": "admin.logentry", "pk": 105, "fields": {"action_time": "2023-01-30T11:41:32.202Z", "user": 1, "content_type": 10, "object_id": "16", "object_repr": "Boya", "action_flag": 2, "change_message": "[{\"changed\": {\"fields\": [\"Kategori\"]}}]"}}, {"model": "admin.logentry", "pk": 106, "fields": {"action_time": "2023-01-30T11:41:37.157Z", "user": 1, "content_type": 10, "object_id": "15", "object_repr": "CNC", "action_flag": 2, "change_message": "[{\"changed\": {\"fields\": [\"Kategori\"]}}]"}}, {"model": "admin.logentry", "pk": 107, "fields": {"action_time": "2023-01-30T11:41:42.965Z", "user": 1, "content_type": 10, "object_id": "14", "object_repr": "Raf Pimi", "action_flag": 2, "change_message": "[{\"changed\": {\"fields\": [\"Kategori\"]}}]"}}, {"model": "admin.logentry", "pk": 108, "fields": {"action_time": "2023-01-30T11:42:14.774Z", "user": 1, "content_type": 11, "object_id": "23", "object_repr": "Ayna", "action_flag": 1, "change_message": "[{\"added\": {}}]"}}, {"model": "admin.logentry", "pk": 109, "fields": {"action_time": "2023-01-30T11:42:17.190Z", "user": 1, "content_type": 10, "object_id": "13", "object_repr": "Ayna", "action_flag": 2, "change_message": "[{\"changed\": {\"fields\": [\"Kategori\"]}}]"}}, {"model": "admin.logentry", "pk": 110, "fields": {"action_time": "2023-01-30T11:42:49.128Z", "user": 1, "content_type": 11, "object_id": "23", "object_repr": "Cam", "action_flag": 2, "change_message": "[{\"changed\": {\"fields\": [\"Kategori\"]}}]"}}, {"model": "admin.logentry", "pk": 111, "fields": {"action_time": "2023-01-30T11:43:05.080Z", "user": 1, "content_type": 10, "object_id": "13", "object_repr": "Ayna", "action_flag": 2, "change_message": "[]"}}, {"model": "admin.logentry", "pk": 112, "fields": {"action_time": "2023-01-30T11:43:48.766Z", "user": 1, "content_type": 11, "object_id": "24", "object_repr": "Aparat", "action_flag": 1, "change_message": "[{\"added\": {}}]"}}, {"model": "admin.logentry", "pk": 113, "fields": {"action_time": "2023-01-30T11:44:09.121Z", "user": 1, "content_type": 10, "object_id": "18", "object_repr": "Kulp", "action_flag": 2, "change_message": "[{\"changed\": {\"fields\": [\"Kategori\"]}}]"}}, {"model": "admin.logentry", "pk": 114, "fields": {"action_time": "2023-01-30T11:44:18.888Z", "user": 1, "content_type": 10, "object_id": "12", "object_repr": "Ask² Tak²m²", "action_flag": 2, "change_message": "[{\"changed\": {\"fields\": [\"Kategori\"]}}]"}}, {"model": "admin.logentry", "pk": 115, "fields": {"action_time": "2023-01-30T11:44:27.184Z", "user": 1, "content_type": 10, "object_id": "11", "object_repr": "Minifix", "action_flag": 2, "change_message": "[{\"changed\": {\"fields\": [\"Kategori\"]}}]"}}, {"model": "admin.logentry", "pk": 116, "fields": {"action_time": "2023-01-30T11:44:33.280Z", "user": 1, "content_type": 10, "object_id": "10", "object_repr": "L Ba­lant²", "action_flag": 2, "change_message": "[{\"changed\": {\"fields\": [\"Kategori\"]}}]"}}, {"model": "admin.logentry", "pk": 117, "fields": {"action_time": "2023-01-30T11:44:43.579Z", "user": 1, "content_type": 10, "object_id": "8", "object_repr": "Kenar Band²", "action_flag": 2, "change_message": "[{\"changed\": {\"fields\": [\"Kategori\"]}}]"}}, {"model": "admin.logentry", "pk": 118, "fields": {"action_time": "2023-01-30T11:44:51.676Z", "user": 1, "content_type": 10, "object_id": "7", "object_repr": "Tutkal", "action_flag": 2, "change_message": "[{\"changed\": {\"fields\": [\"Kategori\"]}}]"}}, {"model": "admin.logentry", "pk": 119, "fields": {"action_time": "2023-01-30T11:44:56.856Z", "user": 1, "content_type": 10, "object_id": "6", "object_repr": "Aral²k", "action_flag": 2, "change_message": "[{\"changed\": {\"fields\": [\"Kategori\"]}}]"}}, {"model": "admin.logentry", "pk": 120, "fields": {"action_time": "2023-01-30T11:45:04.423Z", "user": 1, "content_type": 10, "object_id": "5", "object_repr": "Ãekmece MDF", "action_flag": 2, "change_message": "[{\"changed\": {\"fields\": [\"Kategori\"]}}]"}}, {"model": "admin.logentry", "pk": 121, "fields": {"action_time": "2023-01-30T11:45:13.839Z", "user": 1, "content_type": 10, "object_id": "4", "object_repr": "Kaplamal² MDF 18mm", "action_flag": 2, "change_message": "[{\"changed\": {\"fields\": [\"Kategori\"]}}]"}}, {"model": "admin.logentry", "pk": 122, "fields": {"action_time": "2023-01-30T11:45:18.465Z", "user": 1, "content_type": 10, "object_id": "4", "object_repr": "Kaplamal² MDF 18mm", "action_flag": 2, "change_message": "[]"}}, {"model": "admin.logentry", "pk": 123, "fields": {"action_time": "2023-01-30T11:45:22.962Z", "user": 1, "content_type": 10, "object_id": "3", "object_repr": "Me■e Kereste", "action_flag": 2, "change_message": "[{\"changed\": {\"fields\": [\"Kategori\"]}}]"}}, {"model": "admin.logentry", "pk": 124, "fields": {"action_time": "2023-01-30T11:45:30.550Z", "user": 1, "content_type": 10, "object_id": "2", "object_repr": "Hafele 300mm Frenli Ray", "action_flag": 3, "change_message": ""}}, {"model": "admin.logentry", "pk": 125, "fields": {"action_time": "2023-01-30T11:45:36.625Z", "user": 1, "content_type": 10, "object_id": "1", "object_repr": "Mente■e", "action_flag": 2, "change_message": "[{\"changed\": {\"fields\": [\"Kategori\"]}}]"}}, {"model": "admin.logentry", "pk": 126, "fields": {"action_time": "2023-01-30T12:03:54.587Z", "user": 1, "content_type": 12, "object_id": "1", "object_repr": "Adet", "action_flag": 1, "change_message": "[{\"added\": {}}]"}}, {"model": "admin.logentry", "pk": 127, "fields": {"action_time": "2023-01-30T12:15:11.559Z", "user": 1, "content_type": 10, "object_id": "6", "object_repr": "Aral²k", "action_flag": 2, "change_message": "[]"}}, {"model": "admin.logentry", "pk": 128, "fields": {"action_time": "2023-01-30T12:15:16.223Z", "user": 1, "content_type": 10, "object_id": "12", "object_repr": "Ask² Tak²m²", "action_flag": 2, "change_message": "[]"}}, {"model": "admin.logentry", "pk": 129, "fields": {"action_time": "2023-01-30T12:17:09.997Z", "user": 1, "content_type": 10, "object_id": "12", "object_repr": "Ask² Tak²m²", "action_flag": 2, "change_message": "[]"}}, {"model": "admin.logentry", "pk": 130, "fields": {"action_time": "2023-01-30T12:17:51.405Z", "user": 1, "content_type": 12, "object_id": "2", "object_repr": "Kg", "action_flag": 1, "change_message": "[{\"added\": {}}]"}}, {"model": "admin.logentry", "pk": 131, "fields": {"action_time": "2023-01-30T12:17:57.183Z", "user": 1, "content_type": 12, "object_id": "3", "object_repr": "Gr", "action_flag": 1, "change_message": "[{\"added\": {}}]"}}, {"model": "admin.logentry", "pk": 132, "fields": {"action_time": "2023-01-30T12:18:03.006Z", "user": 1, "content_type": 12, "object_id": "4", "object_repr": "Litre", "action_flag": 1, "change_message": "[{\"added\": {}}]"}}, {"model": "admin.logentry", "pk": 133, "fields": {"action_time": "2023-01-30T12:18:07.747Z", "user": 1, "content_type": 12, "object_id": "5", "object_repr": "Metre", "action_flag": 1, "change_message": "[{\"added\": {}}]"}}, {"model": "admin.logentry", "pk": 134, "fields": {"action_time": "2023-01-30T12:18:12.440Z", "user": 1, "content_type": 12, "object_id": "6", "object_repr": "m2", "action_flag": 1, "change_message": "[{\"added\": {}}]"}}, {"model": "admin.logentry", "pk": 135, "fields": {"action_time": "2023-01-30T12:18:16.601Z", "user": 1, "content_type": 12, "object_id": "7", "object_repr": "dm3", "action_flag": 1, "change_message": "[{\"added\": {}}]"}}, {"model": "admin.logentry", "pk": 136, "fields": {"action_time": "2023-01-30T12:18:25.473Z", "user": 1, "content_type": 10, "object_id": "13", "object_repr": "Ayna", "action_flag": 2, "change_message": "[{\"changed\": {\"fields\": [\"Birim\"]}}]"}}, {"model": "admin.logentry", "pk": 137, "fields": {"action_time": "2023-01-30T12:18:40.256Z", "user": 1, "content_type": 10, "object_id": "16", "object_repr": "Boya", "action_flag": 2, "change_message": "[{\"changed\": {\"fields\": [\"Birim\"]}}]"}}, {"model": "admin.logentry", "pk": 138, "fields": {"action_time": "2023-01-30T12:18:45.136Z", "user": 1, "content_type": 10, "object_id": "15", "object_repr": "CNC", "action_flag": 2, "change_message": "[]"}}, {"model": "admin.logentry", "pk": 139, "fields": {"action_time": "2023-01-30T12:18:53.469Z", "user": 1, "content_type": 10, "object_id": "20", "object_repr": "D÷■eme", "action_flag": 2, "change_message": "[]"}}, {"model": "admin.logentry", "pk": 140, "fields": {"action_time": "2023-01-30T12:19:08.566Z", "user": 1, "content_type": 10, "object_id": "28", "object_repr": "Ham MDF 18mm", "action_flag": 2, "change_message": "[{\"changed\": {\"fields\": [\"Birim\"]}}]"}}, {"model": "admin.logentry", "pk": 141, "fields": {"action_time": "2023-01-30T12:19:14.597Z", "user": 1, "content_type": 10, "object_id": "26", "object_repr": "Kaplamal² MDF 25mm", "action_flag": 2, "change_message": "[{\"changed\": {\"fields\": [\"Birim\"]}}]"}}, {"model": "admin.logentry", "pk": 142, "fields": {"action_time": "2023-01-30T12:19:22.012Z", "user": 1, "content_type": 10, "object_id": "21", "object_repr": "Hazeran", "action_flag": 2, "change_message": "[{\"changed\": {\"fields\": [\"Birim\"]}}]"}}, {"model": "admin.logentry", "pk": 143, "fields": {"action_time": "2023-01-30T12:19:30.770Z", "user": 1, "content_type": 10, "object_id": "4", "object_repr": "Kaplamal² MDF 18mm", "action_flag": 2, "change_message": "[{\"changed\": {\"fields\": [\"Birim\"]}}]"}}, {"model": "admin.logentry", "pk": 144, "fields": {"action_time": "2023-01-30T12:19:34.672Z", "user": 1, "content_type": 10, "object_id": "26", "object_repr": "Kaplamal² MDF 25mm", "action_flag": 2, "change_message": "[]"}}, {"model": "admin.logentry", "pk": 145, "fields": {"action_time": "2023-01-30T12:19:38.450Z", "user": 1, "content_type": 10, "object_id": "26", "object_repr": "Kaplamal² MDF 25mm", "action_flag": 2, "change_message": "[]"}}, {"model": "admin.logentry", "pk": 146, "fields": {"action_time": "2023-01-30T12:19:48.217Z", "user": 1, "content_type": 10, "object_id": "27", "object_repr": "Kay²n Kereste", "action_flag": 2, "change_message": "[{\"changed\": {\"fields\": [\"Birim\"]}}]"}}, {"model": "admin.logentry", "pk": 147, "fields": {"action_time": "2023-01-30T12:20:00.753Z", "user": 1, "content_type": 10, "object_id": "8", "object_repr": "Kenar Band²", "action_flag": 2, "change_message": "[{\"changed\": {\"fields\": [\"Birim\"]}}]"}}, {"model": "admin.logentry", "pk": 148, "fields": {"action_time": "2023-01-30T12:20:13.572Z", "user": 1, "content_type": 10, "object_id": "18", "object_repr": "Kulp", "action_flag": 2, "change_message": "[]"}}, {"model": "admin.logentry", "pk": 149, "fields": {"action_time": "2023-01-30T12:24:25.753Z", "user": 1, "content_type": 10, "object_id": "9", "object_repr": "Maxifix", "action_flag": 2, "change_message": "[{\"changed\": {\"fields\": [\"Kategori\"]}}]"}}, {"model": "admin.logentry", "pk": 150, "fields": {"action_time": "2023-01-30T12:24:39.802Z", "user": 1, "content_type": 10, "object_id": "1", "object_repr": "Mente■e", "action_flag": 2, "change_message": "[{\"changed\": {\"fields\": [\"Kategori\"]}}]"}}, {"model": "admin.logentry", "pk": 151, "fields": {"action_time": "2023-01-30T12:24:58.388Z", "user": 1, "content_type": 10, "object_id": "3", "object_repr": "Me■e Kereste", "action_flag": 2, "change_message": "[{\"changed\": {\"fields\": [\"Birim\"]}}]"}}, {"model": "admin.logentry", "pk": 152, "fields": {"action_time": "2023-01-30T12:25:35.287Z", "user": 1, "content_type": 10, "object_id": "7", "object_repr": "Tutkal", "action_flag": 2, "change_message": "[{\"changed\": {\"fields\": [\"Birim\"]}}]"}}, {"model": "admin.logentry", "pk": 153, "fields": {"action_time": "2023-01-30T12:25:40.776Z", "user": 1, "content_type": 10, "object_id": "5", "object_repr": "Ãekmece MDF", "action_flag": 2, "change_message": "[{\"changed\": {\"fields\": [\"Birim\"]}}]"}}, {"model": "admin.logentry", "pk": 154, "fields": {"action_time": "2023-01-30T13:06:06.221Z", "user": 1, "content_type": 13, "object_id": "1", "object_repr": "Di­er", "action_flag": 1, "change_message": "[{\"added\": {}}]"}}, {"model": "admin.logentry", "pk": 155, "fields": {"action_time": "2023-01-30T13:06:18.816Z", "user": 1, "content_type": 13, "object_id": "2", "object_repr": "Malzeme/Hammadde", "action_flag": 1, "change_message": "[{\"added\": {}}]"}}, {"model": "admin.logentry", "pk": 156, "fields": {"action_time": "2023-01-30T13:06:31.803Z", "user": 1, "content_type": 13, "object_id": "3", "object_repr": "Teknoloji", "action_flag": 1, "change_message": "[{\"added\": {}}]"}}, {"model": "admin.logentry", "pk": 157, "fields": {"action_time": "2023-01-30T13:07:28.202Z", "user": 1, "content_type": 13, "object_id": "4", "object_repr": "Mutfak", "action_flag": 1, "change_message": "[{\"added\": {}}]"}}, {"model": "admin.logentry", "pk": 158, "fields": {"action_time": "2023-01-30T13:07:40.174Z", "user": 1, "content_type": 13, "object_id": "5", "object_repr": "Yemek", "action_flag": 1, "change_message": "[{\"added\": {}}]"}}, {"model": "admin.logentry", "pk": 159, "fields": {"action_time": "2023-01-30T13:07:52.366Z", "user": 1, "content_type": 13, "object_id": "6", "object_repr": "Ula■²m", "action_flag": 1, "change_message": "[{\"added\": {}}]"}}, {"model": "admin.logentry", "pk": 160, "fields": {"action_time": "2023-01-30T13:08:37.013Z", "user": 1, "content_type": 13, "object_id": "7", "object_repr": "Seyahat", "action_flag": 1, "change_message": "[{\"added\": {}}]"}}, {"model": "admin.logentry", "pk": 161, "fields": {"action_time": "2023-01-30T13:10:49.400Z", "user": 1, "content_type": 14, "object_id": "1", "object_repr": "Di­er", "action_flag": 1, "change_message": "[{\"added\": {}}]"}}, {"model": "admin.logentry", "pk": 162, "fields": {"action_time": "2023-01-30T13:10:56.284Z", "user": 1, "content_type": 15, "object_id": "1", "object_repr": "Adet", "action_flag": 1, "change_message": "[{\"added\": {}}]"}}, {"model": "admin.logentry", "pk": 163, "fields": {"action_time": "2023-01-30T13:11:18.023Z", "user": 1, "content_type": 16, "object_id": "1", "object_repr": "Test", "action_flag": 1, "change_message": "[{\"added\": {}}]"}}, {"model": "admin.logentry", "pk": 164, "fields": {"action_time": "2023-01-30T13:11:48.825Z", "user": 1, "content_type": 16, "object_id": "1", "object_repr": "Test", "action_flag": 3, "change_message": ""}}, {"model": "admin.logentry", "pk": 165, "fields": {"action_time": "2023-01-30T13:13:47.479Z", "user": 1, "content_type": 16, "object_id": "1", "object_repr": "Test", "action_flag": 1, "change_message": "[{\"added\": {}}]"}}, {"model": "admin.logentry", "pk": 166, "fields": {"action_time": "2023-01-30T13:13:52.898Z", "user": 1, "content_type": 16, "object_id": "1", "object_repr": "Test", "action_flag": 2, "change_message": "[{\"changed\": {\"fields\": [\"Miktar\"]}}]"}}, {"model": "admin.logentry", "pk": 167, "fields": {"action_time": "2023-01-30T14:37:25.222Z", "user": 1, "content_type": 14, "object_id": "2", "object_repr": "Keskin", "action_flag": 1, "change_message": "[{\"added\": {}}]"}}, {"model": "admin.logentry", "pk": 168, "fields": {"action_time": "2023-01-31T07:09:47.790Z", "user": 1, "content_type": 16, "object_id": "1", "object_repr": "Test", "action_flag": 3, "change_message": ""}}, {"model": "admin.logentry", "pk": 169, "fields": {"action_time": "2023-01-31T07:09:47.879Z", "user": 1, "content_type": 16, "object_id": "2", "object_repr": "Bilgisayar", "action_flag": 3, "change_message": ""}}, {"model": "admin.logentry", "pk": 170, "fields": {"action_time": "2023-02-01T09:36:32.701Z", "user": 1, "content_type": 10, "object_id": "29", "object_repr": "asdfsdf", "action_flag": 3, "change_message": ""}}, {"model": "auth.permission", "pk": 1, "fields": {"name": "Can add log entry", "content_type": 1, "codename": "add_logentry"}}, {"model": "auth.permission", "pk": 2, "fields": {"name": "Can change log entry", "content_type": 1, "codename": "change_logentry"}}, {"model": "auth.permission", "pk": 3, "fields": {"name": "Can delete log entry", "content_type": 1, "codename": "delete_logentry"}}, {"model": "auth.permission", "pk": 4, "fields": {"name": "Can view log entry", "content_type": 1, "codename": "view_logentry"}}, {"model": "auth.permission", "pk": 5, "fields": {"name": "Can add permission", "content_type": 2, "codename": "add_permission"}}, {"model": "auth.permission", "pk": 6, "fields": {"name": "Can change permission", "content_type": 2, "codename": "change_permission"}}, {"model": "auth.permission", "pk": 7, "fields": {"name": "Can delete permission", "content_type": 2, "codename": "delete_permission"}}, {"model": "auth.permission", "pk": 8, "fields": {"name": "Can view permission", "content_type": 2, "codename": "view_permission"}}, {"model": "auth.permission", "pk": 9, "fields": {"name": "Can add group", "content_type": 3, "codename": "add_group"}}, {"model": "auth.permission", "pk": 10, "fields": {"name": "Can change group", "content_type": 3, "codename": "change_group"}}, {"model": "auth.permission", "pk": 11, "fields": {"name": "Can delete group", "content_type": 3, "codename": "delete_group"}}, {"model": "auth.permission", "pk": 12, "fields": {"name": "Can view group", "content_type": 3, "codename": "view_group"}}, {"model": "auth.permission", "pk": 13, "fields": {"name": "Can add user", "content_type": 4, "codename": "add_user"}}, {"model": "auth.permission", "pk": 14, "fields": {"name": "Can change user", "content_type": 4, "codename": "change_user"}}, {"model": "auth.permission", "pk": 15, "fields": {"name": "Can delete user", "content_type": 4, "codename": "delete_user"}}, {"model": "auth.permission", "pk": 16, "fields": {"name": "Can view user", "content_type": 4, "codename": "view_user"}}, {"model": "auth.permission", "pk": 17, "fields": {"name": "Can add content type", "content_type": 5, "codename": "add_contenttype"}}, {"model": "auth.permission", "pk": 18, "fields": {"name": "Can change content type", "content_type": 5, "codename": "change_contenttype"}}, {"model": "auth.permission", "pk": 19, "fields": {"name": "Can delete content type", "content_type": 5, "codename": "delete_contenttype"}}, {"model": "auth.permission", "pk": 20, "fields": {"name": "Can view content type", "content_type": 5, "codename": "view_contenttype"}}, {"model": "auth.permission", "pk": 21, "fields": {"name": "Can add session", "content_type": 6, "codename": "add_session"}}, {"model": "auth.permission", "pk": 22, "fields": {"name": "Can change session", "content_type": 6, "codename": "change_session"}}, {"model": "auth.permission", "pk": 23, "fields": {"name": "Can delete session", "content_type": 6, "codename": "delete_session"}}, {"model": "auth.permission", "pk": 24, "fields": {"name": "Can view session", "content_type": 6, "codename": "view_session"}}, {"model": "auth.permission", "pk": 25, "fields": {"name": "Can add employee", "content_type": 7, "codename": "add_employee"}}, {"model": "auth.permission", "pk": 26, "fields": {"name": "Can change employee", "content_type": 7, "codename": "change_employee"}}, {"model": "auth.permission", "pk": 27, "fields": {"name": "Can delete employee", "content_type": 7, "codename": "delete_employee"}}, {"model": "auth.permission", "pk": 28, "fields": {"name": "Can view employee", "content_type": 7, "codename": "view_employee"}}, {"model": "auth.permission", "pk": 29, "fields": {"name": "Can add order", "content_type": 8, "codename": "add_order"}}, {"model": "auth.permission", "pk": 30, "fields": {"name": "Can change order", "content_type": 8, "codename": "change_order"}}, {"model": "auth.permission", "pk": 31, "fields": {"name": "Can delete order", "content_type": 8, "codename": "delete_order"}}, {"model": "auth.permission", "pk": 32, "fields": {"name": "Can view order", "content_type": 8, "codename": "view_order"}}, {"model": "auth.permission", "pk": 33, "fields": {"name": "Can add source", "content_type": 9, "codename": "add_source"}}, {"model": "auth.permission", "pk": 34, "fields": {"name": "Can change source", "content_type": 9, "codename": "change_source"}}, {"model": "auth.permission", "pk": 35, "fields": {"name": "Can delete source", "content_type": 9, "codename": "delete_source"}}, {"model": "auth.permission", "pk": 36, "fields": {"name": "Can view source", "content_type": 9, "codename": "view_source"}}, {"model": "auth.permission", "pk": 37, "fields": {"name": "Can add material", "content_type": 10, "codename": "add_material"}}, {"model": "auth.permission", "pk": 38, "fields": {"name": "Can change material", "content_type": 10, "codename": "change_material"}}, {"model": "auth.permission", "pk": 39, "fields": {"name": "Can delete material", "content_type": 10, "codename": "delete_material"}}, {"model": "auth.permission", "pk": 40, "fields": {"name": "Can view material", "content_type": 10, "codename": "view_material"}}, {"model": "auth.permission", "pk": 41, "fields": {"name": "Can add category", "content_type": 11, "codename": "add_category"}}, {"model": "auth.permission", "pk": 42, "fields": {"name": "Can change category", "content_type": 11, "codename": "change_category"}}, {"model": "auth.permission", "pk": 43, "fields": {"name": "Can delete category", "content_type": 11, "codename": "delete_category"}}, {"model": "auth.permission", "pk": 44, "fields": {"name": "Can view category", "content_type": 11, "codename": "view_category"}}, {"model": "auth.permission", "pk": 45, "fields": {"name": "Can add unit", "content_type": 12, "codename": "add_unit"}}, {"model": "auth.permission", "pk": 46, "fields": {"name": "Can change unit", "content_type": 12, "codename": "change_unit"}}, {"model": "auth.permission", "pk": 47, "fields": {"name": "Can delete unit", "content_type": 12, "codename": "delete_unit"}}, {"model": "auth.permission", "pk": 48, "fields": {"name": "Can view unit", "content_type": 12, "codename": "view_unit"}}, {"model": "auth.permission", "pk": 49, "fields": {"name": "Can add category", "content_type": 13, "codename": "add_category"}}, {"model": "auth.permission", "pk": 50, "fields": {"name": "Can change category", "content_type": 13, "codename": "change_category"}}, {"model": "auth.permission", "pk": 51, "fields": {"name": "Can delete category", "content_type": 13, "codename": "delete_category"}}, {"model": "auth.permission", "pk": 52, "fields": {"name": "Can view category", "content_type": 13, "codename": "view_category"}}, {"model": "auth.permission", "pk": 53, "fields": {"name": "Can add company", "content_type": 14, "codename": "add_company"}}, {"model": "auth.permission", "pk": 54, "fields": {"name": "Can change company", "content_type": 14, "codename": "change_company"}}, {"model": "auth.permission", "pk": 55, "fields": {"name": "Can delete company", "content_type": 14, "codename": "delete_company"}}, {"model": "auth.permission", "pk": 56, "fields": {"name": "Can view company", "content_type": 14, "codename": "view_company"}}, {"model": "auth.permission", "pk": 57, "fields": {"name": "Can add unit", "content_type": 15, "codename": "add_unit"}}, {"model": "auth.permission", "pk": 58, "fields": {"name": "Can change unit", "content_type": 15, "codename": "change_unit"}}, {"model": "auth.permission", "pk": 59, "fields": {"name": "Can delete unit", "content_type": 15, "codename": "delete_unit"}}, {"model": "auth.permission", "pk": 60, "fields": {"name": "Can view unit", "content_type": 15, "codename": "view_unit"}}, {"model": "auth.permission", "pk": 61, "fields": {"name": "Can add expense", "content_type": 16, "codename": "add_expense"}}, {"model": "auth.permission", "pk": 62, "fields": {"name": "Can change expense", "content_type": 16, "codename": "change_expense"}}, {"model": "auth.permission", "pk": 63, "fields": {"name": "Can delete expense", "content_type": 16, "codename": "delete_expense"}}, {"model": "auth.permission", "pk": 64, "fields": {"name": "Can view expense", "content_type": 16, "codename": "view_expense"}}, {"model": "auth.permission", "pk": 65, "fields": {"name": "Can add excel", "content_type": 17, "codename": "add_excel"}}, {"model": "auth.permission", "pk": 66, "fields": {"name": "Can change excel", "content_type": 17, "codename": "change_excel"}}, {"model": "auth.permission", "pk": 67, "fields": {"name": "Can delete excel", "content_type": 17, "codename": "delete_excel"}}, {"model": "auth.permission", "pk": 68, "fields": {"name": "Can view excel", "content_type": 17, "codename": "view_excel"}}, {"model": "auth.user", "pk": 5, "fields": {"password": "pbkdf2_sha256$390000$zyNGajXtsGtbvHBWqBEbTb$uVYYmilpWRE7pEU9AHiAN60Ggj8mAO+qMUlHkPd1azg=", "last_login": "2023-01-27T12:10:40.004Z", "is_superuser": false, "username": "testuser", "first_name": "", "last_name": "", "email": "sfdgsdggh@wesgdfh.com", "is_staff": false, "is_active": true, "date_joined": "2023-01-26T08:12:07Z", "groups": [], "user_permissions": []}}, {"model": "contenttypes.contenttype", "pk": 1, "fields": {"app_label": "admin", "model": "logentry"}}, {"model": "contenttypes.contenttype", "pk": 2, "fields": {"app_label": "auth", "model": "permission"}}, {"model": "contenttypes.contenttype", "pk": 3, "fields": {"app_label": "auth", "model": "group"}}, {"model": "contenttypes.contenttype", "pk": 4, "fields": {"app_label": "auth", "model": "user"}}, {"model": "contenttypes.contenttype", "pk": 5, "fields": {"app_label": "contenttypes", "model": "contenttype"}}, {"model": "contenttypes.contenttype", "pk": 6, "fields": {"app_label": "sessions", "model": "session"}}, {"model": "contenttypes.contenttype", "pk": 7, "fields": {"app_label": "user", "model": "employee"}}, {"model": "contenttypes.contenttype", "pk": 8, "fields": {"app_label": "order", "model": "order"}}, {"model": "contenttypes.contenttype", "pk": 9, "fields": {"app_label": "material", "model": "source"}}, {"model": "contenttypes.contenttype", "pk": 10, "fields": {"app_label": "material", "model": "material"}}, {"model": "contenttypes.contenttype", "pk": 11, "fields": {"app_label": "material", "model": "category"}}, {"model": "contenttypes.contenttype", "pk": 12, "fields": {"app_label": "material", "model": "unit"}}, {"model": "contenttypes.contenttype", "pk": 13, "fields": {"app_label": "expense", "model": "category"}}, {"model": "contenttypes.contenttype", "pk": 14, "fields": {"app_label": "expense", "model": "company"}}, {"model": "contenttypes.contenttype", "pk": 15, "fields": {"app_label": "expense", "model": "unit"}}, {"model": "contenttypes.contenttype", "pk": 16, "fields": {"app_label": "expense", "model": "expense"}}, {"model": "contenttypes.contenttype", "pk": 17, "fields": {"app_label": "expense", "model": "excel"}}, {"model": "sessions.session", "pk": "6qjj607ctnwytkv5j82ng9uriw32vvdc", "fields": {"session_data": ".eJxVjEEOwiAQRe_C2hBAGKhL9z0DmWFAqoYmpV0Z765NutDtf-_9l4i4rTVuPS9xYnERTpx-N8L0yG0HfMd2m2Wa27pMJHdFHrTLceb8vB7u30HFXr-18SqBYvJnDuAssmetLFs0Q0Fwikz2nrIeQBfQtrhQHCFCIA3KByfeH9kyN3Y:1pLNZ2:yuuoWFPPLAE_RqT1eMtSu7_Pb28J737ADJogfk2DhvQ", "expire_date": "2023-02-10T12:10:40.113Z"}}, {"model": "sessions.session", "pk": "8ytqs8wc97h2try2balxtcriv4ikhqvc", "fields": {"session_data": ".eJxVjEEOwiAQRe_C2hAYoIhL956BwMxUqgaS0q6MdzckXej2v_f-W8S0byXunde4kLgILU6_W0745DoAPVK9N4mtbuuS5VDkQbu8NeLX9XD_DkrqZdQKLJyd8mwhoVaZLAUIEyNmPyMoss5ktp6MoaDIzC4Ta-XcBIAcxOcL3yQ38A:1pL6qL:xGwGv5WJKDSRgE1-x82WQXVdqizVRBHA1YMLhUG_UG8", "expire_date": "2023-02-09T18:19:25.041Z"}}, {"model": "sessions.session", "pk": "au8mw4ym1c01yklzc6bda81zkdt66r44", "fields": {"session_data": ".eJxVjEEOwiAQRe_C2hBAGKhL9z0DmWFAqoYmpV0Z765NutDtf-_9l4i4rTVuPS9xYnERTpx-N8L0yG0HfMd2m2Wa27pMJHdFHrTLceb8vB7u30HFXr-18SqBYvJnDuAssmetLFs0Q0Fwikz2nrIeQBfQtrhQHCFCIA3KByfeH9kyN3Y:1pLNQ2:5e0JdYqphwlnFEJ0NzwPRf6LUlZx5PaTzx3W5vEtAjI", "expire_date": "2023-02-10T12:01:22.908Z"}}, {"model": "sessions.session", "pk": "i5z948qyn0aq83uiqw773ktkycgt9npc", "fields": {"session_data": ".eJxVjEEOwiAQRe_C2hAYoIhL956BwMxUqgaS0q6MdzckXej2v_f-W8S0byXunde4kLgILU6_W0745DoAPVK9N4mtbuuS5VDkQbu8NeLX9XD_DkrqZdQKLJyd8mwhoVaZLAUIEyNmPyMoss5ktp6MoaDIzC4Ta-XcBIAcxOcL3yQ38A:1pLN6B:CzH9iU_2W4YrVWw2_-3_QS3bGb5HuSOZjgH_reC8fjU", "expire_date": "2023-02-10T11:40:51.660Z"}}, {"model": "sessions.session", "pk": "ij7smsds2054vgnuosle96xglb35qhd3", "fields": {"session_data": ".eJxVjEEOwiAQRe_C2hAYoIhL956BwMxUqgaS0q6MdzckXej2v_f-W8S0byXunde4kLgILU6_W0745DoAPVK9N4mtbuuS5VDkQbu8NeLX9XD_DkrqZdQKLJyd8mwhoVaZLAUIEyNmPyMoss5ktp6MoaDIzC4Ta-XcBIAcxOcL3yQ38A:1pKGbX:bs1-apKgjPzt5xClaG9CQ_hXSzcS7QaSfmzPaoUi5sw", "expire_date": "2023-02-07T10:32:39.926Z"}}, {"model": "sessions.session", "pk": "viwtef187a0abxdok9e0oo4sfsimfb68", "fields": {"session_data": ".eJxVjEEOwiAQRe_C2hBAGKhL9z0DmWFAqoYmpV0Z765NutDtf-_9l4i4rTVuPS9xYnERTpx-N8L0yG0HfMd2m2Wa27pMJHdFHrTLceb8vB7u30HFXr-18SqBYvJnDuAssmetLFs0Q0Fwikz2nrIeQBfQtrhQHCFCIA3KByfeH9kyN3Y:1pLNG8:QNoBRYHAr6o-3y6dSWb1IL4iYyO_q97oaSeqXHZB4Gg", "expire_date": "2023-02-10T11:51:08.093Z"}}, {"model": "user.employee", "pk": 3, "fields": {"user": 1, "user_type": "Y÷netici", "image": "profiles/korayzorlu/1627768231078.jpg", "phone_number": null}}, {"model": "user.employee", "pk": 4, "fields": {"user": 5, "user_type": "Usta", "image": "profiles/testuser/WhatsApp_Image_2023-01-26_at_11.17.03_mKjJK8Z.jpeg", "phone_number": null}}, {"model": "material.source", "pk": 1, "fields": {"title": "Celfi", "slug": "celfi"}}, {"model": "material.source", "pk": 2, "fields": {"title": "Di­er", "slug": "diger"}}, {"model": "material.source", "pk": 3, "fields": {"title": "Sar² Eksen", "slug": "sari-eksen"}}, {"model": "material.category", "pk": 1, "fields": {"title": "Di­er"}}, {"model": "material.category", "pk": 4, "fields": {"title": "Kereste"}}, {"model": "material.category", "pk": 5, "fields": {"title": "MDF"}}, {"model": "material.category", "pk": 6, "fields": {"title": "Aral²k"}}, {"model": "material.category", "pk": 7, "fields": {"title": "Yap²■t²r²c²"}}, {"model": "material.category", "pk": 8, "fields": {"title": "Kenar Band²"}}, {"model": "material.category", "pk": 11, "fields": {"title": "Ba­lant²"}}, {"model": "material.category", "pk": 12, "fields": {"title": "Mekanizma"}}, {"model": "material.category", "pk": 13, "fields": {"title": "CNC"}}, {"model": "material.category", "pk": 14, "fields": {"title": "Boya"}}, {"model": "material.category", "pk": 15, "fields": {"title": "Kulp"}}, {"model": "material.category", "pk": 16, "fields": {"title": "Lata"}}, {"model": "material.category", "pk": 17, "fields": {"title": "D÷■eme"}}, {"model": "material.category", "pk": 18, "fields": {"title": "Hazeran"}}, {"model": "material.category", "pk": 19, "fields": {"title": "Torna"}}, {"model": "material.category", "pk": 20, "fields": {"title": "Paketleme"}}, {"model": "material.category", "pk": 21, "fields": {"title": "Nakliyat"}}, {"model": "material.category", "pk": 22, "fields": {"title": "Pazarlama"}}, {"model": "material.category", "pk": 23, "fields": {"title": "Cam"}}, {"model": "material.category", "pk": 24, "fields": {"title": "Aparat"}}, {"model": "material.unit", "pk": 1, "fields": {"title": "Adet"}}, {"model": "material.unit", "pk": 2, "fields": {"title": "Kg"}}, {"model": "material.unit", "pk": 3, "fields": {"title": "Gr"}}, {"model": "material.unit", "pk": 4, "fields": {"title": "Litre"}}, {"model": "material.unit", "pk": 5, "fields": {"title": "Metre"}}, {"model": "material.unit", "pk": 6, "fields": {"title": "m2"}}, {"model": "material.unit", "pk": 7, "fields": {"title": "dm3"}}, {"model": "material.material", "pk": 1, "fields": {"source": 2, "category": 12, "title": "Mente■e", "unit": 1, "quantity": 1.0, "price": 50.0}}, {"model": "material.material", "pk": 3, "fields": {"source": 2, "category": 4, "title": "Me■e Kereste", "unit": 7, "quantity": 1.0, "price": 35.0}}, {"model": "material.material", "pk": 4, "fields": {"source": 2, "category": 5, "title": "Kaplamal² MDF 18mm", "unit": 6, "quantity": 1.0, "price": 500.0}}, {"model": "material.material", "pk": 5, "fields": {"source": 2, "category": 5, "title": "Ãekmece MDF", "unit": 6, "quantity": 1.0, "price": 500.0}}, {"model": "material.material", "pk": 6, "fields": {"source": 2, "category": 6, "title": "Aral²k", "unit": 1, "quantity": 1.0, "price": 50.0}}, {"model": "material.material", "pk": 7, "fields": {"source": 2, "category": 7, "title": "Tutkal", "unit": 3, "quantity": 1.0, "price": 0.1}}, {"model": "material.material", "pk": 8, "fields": {"source": 2, "category": 8, "title": "Kenar Band²", "unit": 5, "quantity": 1.0, "price": 10.0}}, {"model": "material.material", "pk": 9, "fields": {"source": 2, "category": 11, "title": "Maxifix", "unit": 1, "quantity": 1.0, "price": 26.0}}, {"model": "material.material", "pk": 10, "fields": {"source": 2, "category": 11, "title": "L Ba­lant²", "unit": 1, "quantity": 1.0, "price": 22.0}}, {"model": "material.material", "pk": 11, "fields": {"source": 2, "category": 11, "title": "Minifix", "unit": 1, "quantity": 1.0, "price": 4.0}}, {"model": "material.material", "pk": 12, "fields": {"source": 2, "category": 24, "title": "Ask² Tak²m²", "unit": 1, "quantity": 1.0, "price": 100.0}}, {"model": "material.material", "pk": 13, "fields": {"source": 2, "category": 23, "title": "Ayna", "unit": 6, "quantity": 1.0, "price": 500.0}}, {"model": "material.material", "pk": 14, "fields": {"source": 2, "category": 11, "title": "Raf Pimi", "unit": 1, "quantity": 1.0, "price": 5.0}}, {"model": "material.material", "pk": 15, "fields": {"source": 2, "category": 13, "title": "CNC", "unit": 1, "quantity": 1.0, "price": 25.0}}, {"model": "material.material", "pk": 16, "fields": {"source": 2, "category": 14, "title": "Boya", "unit": 2, "quantity": 1.0, "price": 200.0}}, {"model": "material.material", "pk": 17, "fields": {"source": 2, "category": 12, "title": "Ray", "unit": 1, "quantity": 1.0, "price": 145.0}}, {"model": "material.material", "pk": 18, "fields": {"source": 2, "category": 24, "title": "Kulp", "unit": 1, "quantity": 1.0, "price": 50.0}}, {"model": "material.material", "pk": 19, "fields": {"source": 2, "category": 16, "title": "Lata", "unit": 1, "quantity": 1.0, "price": 800.0}}, {"model": "material.material", "pk": 20, "fields": {"source": 2, "category": 17, "title": "D÷■eme", "unit": 1, "quantity": 1.0, "price": 500.0}}, {"model": "material.material", "pk": 21, "fields": {"source": 2, "category": 18, "title": "Hazeran", "unit": 5, "quantity": 1.0, "price": 200.0}}, {"model": "material.material", "pk": 22, "fields": {"source": 2, "category": 19, "title": "Torna", "unit": 1, "quantity": 1.0, "price": 10.0}}, {"model": "material.material", "pk": 23, "fields": {"source": 2, "category": 20, "title": "Paketleme", "unit": 1, "quantity": 1.0, "price": 50.0}}, {"model": "material.material", "pk": 24, "fields": {"source": 2, "category": 21, "title": "Nakliye", "unit": 1, "quantity": 1.0, "price": 100.0}}, {"model": "material.material", "pk": 25, "fields": {"source": 2, "category": 22, "title": "Google", "unit": 1, "quantity": 1.0, "price": 250.0}}, {"model": "material.material", "pk": 26, "fields": {"source": 2, "category": 5, "title": "Kaplamal² MDF 25mm", "unit": 6, "quantity": 1.0, "price": 600.0}}, {"model": "material.material", "pk": 27, "fields": {"source": 2, "category": 4, "title": "Kay²n Kereste", "unit": 7, "quantity": 1.0, "price": 15.0}}, {"model": "material.material", "pk": 28, "fields": {"source": 2, "category": 5, "title": "Ham MDF 18mm", "unit": 6, "quantity": 1.0, "price": 160.0}}, {"model": "expense.company", "pk": 1, "fields": {"title": "Di­er"}}, {"model": "expense.company", "pk": 2, "fields": {"title": "Keskin"}}, {"model": "expense.company", "pk": 3, "fields": {"title": "Sar² Eksen"}}, {"model": "expense.company", "pk": 4, "fields": {"title": "Celfi"}}, {"model": "expense.company", "pk": 5, "fields": {"title": "Migros"}}, {"model": "expense.company", "pk": 6, "fields": {"title": "Tornac² Zeki"}}, {"model": "expense.company", "pk": 7, "fields": {"title": "Esen Ambalaj"}}, {"model": "expense.company", "pk": 8, "fields": {"title": "Yap²■t²r²c²"}}, {"model": "expense.company", "pk": 9, "fields": {"title": "Abant Yemek"}}, {"model": "expense.company", "pk": 10, "fields": {"title": "Sepa■"}}, {"model": "expense.company", "pk": 11, "fields": {"title": "Akman Kontraplak"}}, {"model": "expense.company", "pk": 12, "fields": {"title": "SS D³zce Koop."}}, {"model": "expense.company", "pk": 13, "fields": {"title": "Opet"}}, {"model": "expense.company", "pk": 14, "fields": {"title": "▄ler Civata"}}, {"model": "expense.company", "pk": 15, "fields": {"title": "Turan Ofset"}}, {"model": "expense.company", "pk": 16, "fields": {"title": "Hayat Su"}}, {"model": "expense.company", "pk": 17, "fields": {"title": "Prenses Pastanesi"}}, {"model": "expense.company", "pk": 18, "fields": {"title": "En1"}}, {"model": "expense.company", "pk": 19, "fields": {"title": "Ìok"}}, {"model": "expense.company", "pk": 20, "fields": {"title": "Ízt³rk Boya"}}, {"model": "expense.company", "pk": 21, "fields": {"title": "Ar²c²lar"}}, {"model": "expense.company", "pk": 22, "fields": {"title": "Bobanjc² Nevzat"}}, {"model": "expense.company", "pk": 23, "fields": {"title": "Aygaz"}}, {"model": "expense.company", "pk": 24, "fields": {"title": "Cafemarkt"}}, {"model": "expense.company", "pk": 25, "fields": {"title": "Nakliyat"}}, {"model": "expense.company", "pk": 26, "fields": {"title": "Forklift"}}, {"model": "expense.company", "pk": 27, "fields": {"title": "Ticimax"}}, {"model": "expense.category", "pk": 1, "fields": {"title": "Di­er"}}, {"model": "expense.category", "pk": 2, "fields": {"title": "Malzeme/Hammadde"}}, {"model": "expense.category", "pk": 3, "fields": {"title": "Teknoloji"}}, {"model": "expense.category", "pk": 4, "fields": {"title": "Mutfak"}}, {"model": "expense.category", "pk": 5, "fields": {"title": "Yemek"}}, {"model": "expense.category", "pk": 6, "fields": {"title": "Ula■²m"}}, {"model": "expense.category", "pk": 7, "fields": {"title": "Seyahat"}}, {"model": "expense.category", "pk": 8, "fields": {"title": "Bili■im"}}, {"model": "expense.category", "pk": 9, "fields": {"title": "Malzeme"}}, {"model": "expense.category", "pk": 10, "fields": {"title": "Hammadde"}}, {"model": "expense.category", "pk": 11, "fields": {"title": "Altyap²"}}, {"model": "expense.category", "pk": 12, "fields": {"title": "Ofis"}}, {"model": "expense.category", "pk": 13, "fields": {"title": "Nakliyat"}}, {"model": "expense.unit", "pk": 1, "fields": {"title": "Adet"}}, {"model": "expense.unit", "pk": 2, "fields": {"title": "m3"}}, {"model": "expense.unit", "pk": 3, "fields": {"title": "G³n"}}, {"model": "expense.expense", "pk": 7, "fields": {"company": 4, "category": 9, "title": "Vodasel VHB ¦ Mekan Montaj Band²(Ãift Tarafl², Ìeffaf) 20mm x 1.5m", "unit": 1, "created_date": "2023-01-02", "quantity": 2.0, "price": 20.0, "total": 40.0}}, {"model": "expense.expense", "pk": 8, "fields": {"company": 6, "category": 10, "title": "D³z Silindir 18cm", "unit": 1, "created_date": "2023-01-02", "quantity": 4.0, "price": 12.5, "total": 50.0}}, {"model": "expense.expense", "pk": 9, "fields": {"company": 6, "category": 10, "title": "D³z Silindir 28cm", "unit": 1, "created_date": "2023-01-02", "quantity": 4.0, "price": 35.0, "total": 140.0}}, {"model": "expense.expense", "pk": 10, "fields": {"company": 6, "category": 10, "title": "Konik Masa Aya­² 65cm", "unit": 1, "created_date": "2023-01-02", "quantity": 4.0, "price": 35.0, "total": 140.0}}, {"model": "expense.expense", "pk": 11, "fields": {"company": 6, "category": 10, "title": "Konik Masa Aya­² 125cm", "unit": 1, "created_date": "2023-01-02", "quantity": 4.0, "price": 75.0, "total": 300.0}}, {"model": "expense.expense", "pk": 12, "fields": {"company": 7, "category": 4, "title": "Mutfak Malzemeleri", "unit": 1, "created_date": "2023-01-02", "quantity": 1.0, "price": 447.5, "total": 447.5}}, {"model": "expense.expense", "pk": 13, "fields": {"company": 4, "category": 9, "title": "PVC-U Boru B Tipi Kalde 125 x 2000mm 3.2", "unit": 1, "created_date": "2023-01-02", "quantity": 1.0, "price": 177.0, "total": 177.0}}, {"model": "expense.expense", "pk": 14, "fields": {"company": 4, "category": 9, "title": "Vodasel VHB D²■ Mekan Montaj Band²(Ãift Tarafl², Ìeffaf) 20mm x 2m", "unit": 1, "created_date": "2023-01-02", "quantity": 1.0, "price": 31.0, "total": 31.0}}, {"model": "expense.expense", "pk": 15, "fields": {"company": 4, "category": 9, "title": "Sulama Hortumu Sar² 0.44kg x 14cm", "unit": 1, "created_date": "2023-01-03", "quantity": 1.0, "price": 23.76, "total": 23.76}}, {"model": "expense.expense", "pk": 16, "fields": {"company": 4, "category": 9, "title": "Dekota ¦kaz Levhas² 16x24cm", "unit": 1, "created_date": "2023-01-03", "quantity": 1.0, "price": 19.0, "total": 19.0}}, {"model": "expense.expense", "pk": 17, "fields": {"company": 4, "category": 9, "title": "Dekota ¦kaz Levhas² 16x24cm", "unit": 1, "created_date": "2023-01-03", "quantity": 4.0, "price": 19.0, "total": 76.0}}, {"model": "expense.expense", "pk": 18, "fields": {"company": 4, "category": 9, "title": "Maksi Stand PVC Levhas²", "unit": 1, "created_date": "2023-01-03", "quantity": 2.0, "price": 22.0, "total": 44.0}}, {"model": "expense.expense", "pk": 19, "fields": {"company": 6, "category": 10, "title": "Konik Ayak 100cm", "unit": 1, "created_date": "2023-01-03", "quantity": 4.0, "price": 50.0, "total": 200.0}}, {"model": "expense.expense", "pk": 20, "fields": {"company": 6, "category": 10, "title": "D³z Silindir 18cm", "unit": 1, "created_date": "2023-01-06", "quantity": 32.0, "price": 12.5, "total": 400.0}}, {"model": "expense.expense", "pk": 21, "fields": {"company": 6, "category": 10, "title": "D³z Konik 18cm", "unit": 1, "created_date": "2023-01-06", "quantity": 35.0, "price": 10.0, "total": 350.0}}, {"model": "expense.expense", "pk": 22, "fields": {"company": 6, "category": 10, "title": "Konik Ayak 40cm", "unit": 1, "created_date": "2023-01-06", "quantity": 36.0, "price": 20.0, "total": 720.0}}, {"model": "expense.expense", "pk": 23, "fields": {"company": 6, "category": 10, "title": "Konik Ayak 65cm", "unit": 1, "created_date": "2023-01-06", "quantity": 16.0, "price": 35.0, "total": 560.0}}, {"model": "expense.expense", "pk": 24, "fields": {"company": 4, "category": 9, "title": "Eva Ãift Tarafl² Bant 30mm x 10m", "unit": 1, "created_date": "2023-01-09", "quantity": 2.0, "price": 24.0, "total": 48.0}}, {"model": "expense.expense", "pk": 25, "fields": {"company": 4, "category": 9, "title": "6 Numara Alyan", "unit": 1, "created_date": "2023-01-09", "quantity": 4.0, "price": 4.5, "total": 18.0}}, {"model": "expense.expense", "pk": 26, "fields": {"company": 8, "category": 9, "title": "Swanson 200ml H²zl² Yap²■t²r²c²", "unit": 1, "created_date": "2023-01-09", "quantity": 1.0, "price": 39.0, "total": 39.0}}, {"model": "expense.expense", "pk": 27, "fields": {"company": 8, "category": 9, "title": "Apel MDF H²zl² Yap²■t²r²c²", "unit": 1, "created_date": "2023-01-09", "quantity": 1.0, "price": 66.0, "total": 66.0}}, {"model": "expense.expense", "pk": 28, "fields": {"company": 9, "category": 5, "title": "Ayl²k Yemek Bedeli", "unit": 1, "created_date": "2023-01-09", "quantity": 331.0, "price": 27.0, "total": 8937.0}}, {"model": "expense.expense", "pk": 29, "fields": {"company": 10, "category": 11, "title": "Aral²k 2022 Elektrik Faturas²", "unit": 1, "created_date": "2023-01-09", "quantity": 1.0, "price": 22472.91, "total": 22472.91}}, {"model": "expense.expense", "pk": 30, "fields": {"company": 11, "category": 10, "title": "85x50x20mm U Ba­lant² (Birim: m3)", "unit": 2, "created_date": "2023-01-11", "quantity": 213.0, "price": 23.6, "total": 5026.8}}, {"model": "expense.expense", "pk": 31, "fields": {"company": 11, "category": 10, "title": "45x50x20mm K³³k Ãekmece (Birim: m3)", "unit": 2, "created_date": "2023-01-11", "quantity": 95.0, "price": 23.6, "total": 2242.0}}, {"model": "expense.expense", "pk": 32, "fields": {"company": 11, "category": 10, "title": "75x50x43mm Kal²n U (Birim: m3)", "unit": 2, "created_date": "2023-01-11", "quantity": 403.0, "price": 23.6, "total": 9510.800000000001}}, {"model": "expense.expense", "pk": 33, "fields": {"company": 11, "category": 10, "title": "140z50z20mm B³y³k Ãekmece (Birim: m3)", "unit": 2, "created_date": "2023-01-11", "quantity": 350.0, "price": 23.6, "total": 8260.0}}, {"model": "expense.expense", "pk": 34, "fields": {"company": 12, "category": 6, "title": "Aral²k Ta■²ma Bedeli (Birim: g³n)", "unit": 3, "created_date": "2023-01-12", "quantity": 23.0, "price": 413.0, "total": 9499.0}}, {"model": "expense.expense", "pk": 35, "fields": {"company": 13, "category": 6, "title": "Motorin", "unit": 1, "created_date": "2023-01-12", "quantity": 1.0, "price": 500.0, "total": 500.0}}, {"model": "expense.expense", "pk": 36, "fields": {"company": 6, "category": 10, "title": "D³z Silindir 18cm", "unit": 1, "created_date": "2023-01-12", "quantity": 91.0, "price": 10.0, "total": 910.0}}, {"model": "expense.expense", "pk": 37, "fields": {"company": 6, "category": 10, "title": "D³z Silindir Bilezikli 30cm", "unit": 1, "created_date": "2023-01-12", "quantity": 11.0, "price": 15.0, "total": 165.0}}, {"model": "expense.expense", "pk": 38, "fields": {"company": 6, "category": 10, "title": "D³z Silindir 70cm", "unit": 1, "created_date": "2023-01-12", "quantity": 12.0, "price": 35.0, "total": 420.0}}, {"model": "expense.expense", "pk": 39, "fields": {"company": 6, "category": 10, "title": "D³z Silindir Bilezikli 70cm", "unit": 1, "created_date": "2023-01-12", "quantity": 20.0, "price": 37.5, "total": 750.0}}, {"model": "expense.expense", "pk": 40, "fields": {"company": 3, "category": 10, "title": "Hafele Minifix 18mm Ah■ap Kal²nl²­², 8/13mm Metal D³belli", "unit": 1, "created_date": "2023-01-13", "quantity": 3000.0, "price": 3.39, "total": 10170.0}}, {"model": "expense.expense", "pk": 41, "fields": {"company": 3, "category": 10, "title": "Hafele Minifix Mil Galveniz 34/M6/9mm", "unit": 1, "created_date": "2023-01-13", "quantity": 3000.0, "price": 0.0, "total": 0.0}}, {"model": "expense.expense", "pk": 42, "fields": {"company": 3, "category": 10, "title": "Hafele Metal D³bel M6x13mm", "unit": 1, "created_date": "2023-01-13", "quantity": 3000.0, "price": 0.0, "total": 0.0}}, {"model": "expense.expense", "pk": 43, "fields": {"company": 3, "category": 10, "title": "Hafele Minifix Kapak Ãam 15mm", "unit": 1, "created_date": "2023-01-13", "quantity": 3000.0, "price": 0.14, "total": 420.00000000000006}}, {"model": "expense.expense", "pk": 44, "fields": {"company": 3, "category": 10, "title": "Hafele Maxifix E G÷vde Ham SW6 18mm", "unit": 1, "created_date": "2023-01-13", "quantity": 500.0, "price": 16.46, "total": 8230.0}}, {"model": "expense.expense", "pk": 45, "fields": {"company": 3, "category": 10, "title": "Hafele Maxifix E Mil Galvaniz 35/M6/9,5mm", "unit": 1, "created_date": "2023-01-13", "quantity": 300.0, "price": 4.99, "total": 1497.0}}, {"model": "expense.expense", "pk": 46, "fields": {"company": 3, "category": 10, "title": "Hafele Maxifix Kapak Kahverengi", "unit": 1, "created_date": "2023-01-13", "quantity": 500.0, "price": 3.82, "total": 1910.0}}, {"model": "expense.expense", "pk": 47, "fields": {"company": 3, "category": 10, "title": "Hafele Bilyal² Frenli Ray 45/300", "unit": 1, "created_date": "2023-01-13", "quantity": 30.0, "price": 130.46, "total": 3913.8}}, {"model": "expense.expense", "pk": 48, "fields": {"company": 3, "category": 10, "title": "Hafele Bilyal² Frenli Ray 45/400", "unit": 1, "created_date": "2023-01-13", "quantity": 120.0, "price": 141.72, "total": 17006.4}}, {"model": "expense.expense", "pk": 49, "fields": {"company": 3, "category": 10, "title": "Hafele Ayakkab²l²k, ikili, beyaz", "unit": 1, "created_date": "2023-01-13", "quantity": 1.0, "price": 65.58, "total": 65.58}}, {"model": "expense.expense", "pk": 50, "fields": {"company": 14, "category": 10, "title": "Civata", "unit": 1, "created_date": "2023-01-13", "quantity": 50.0, "price": 1.3, "total": 65.0}}, {"model": "expense.expense", "pk": 51, "fields": {"company": 15, "category": 12, "title": "Ozalit Bask²", "unit": 1, "created_date": "2023-01-13", "quantity": 1.0, "price": 163.0, "total": 163.0}}, {"model": "expense.expense", "pk": 52, "fields": {"company": 3, "category": 10, "title": "Teleskopik Ray 45/300", "unit": 1, "created_date": "2023-01-16", "quantity": 40.0, "price": 68.15, "total": 2726.0}}, {"model": "expense.expense", "pk": 53, "fields": {"company": 6, "category": 10, "title": "Masa Aya­²", "unit": 1, "created_date": "2023-01-16", "quantity": 26.0, "price": 50.0, "total": 1300.0}}, {"model": "expense.expense", "pk": 54, "fields": {"company": 16, "category": 4, "title": "Damacana Su", "unit": 1, "created_date": "2023-01-18", "quantity": 1.0, "price": 525.0, "total": 525.0}}, {"model": "expense.expense", "pk": 55, "fields": {"company": 2, "category": 10, "title": "Silindir Masa Mente■esi 10mm", "unit": 1, "created_date": "2023-01-18", "quantity": 34.0, "price": 19.5, "total": 663.0}}, {"model": "expense.expense", "pk": 56, "fields": {"company": 14, "category": 10, "title": "Kelebek Somun", "unit": 1, "created_date": "2023-01-20", "quantity": 50.0, "price": 1.8, "total": 90.0}}, {"model": "expense.expense", "pk": 57, "fields": {"company": 17, "category": 5, "title": "Petif³r Tatl²", "unit": 1, "created_date": "2023-01-20", "quantity": 1.0, "price": 185.0, "total": 185.0}}, {"model": "expense.expense", "pk": 58, "fields": {"company": 4, "category": 10, "title": "Pirin Katlan²r Masa Mente■esi 12mm", "unit": 1, "created_date": "2023-01-20", "quantity": 2.0, "price": 28.0, "total": 56.0}}, {"model": "expense.expense", "pk": 59, "fields": {"company": 4, "category": 10, "title": "Yap²■kan Tapa Antrasit 1616 Weis", "unit": 1, "created_date": "2023-01-20", "quantity": 2.0, "price": 2.0, "total": 4.0}}, {"model": "expense.expense", "pk": 60, "fields": {"company": 3, "category": 10, "title": "Hettich K²smi A²l²m 300mm Quadro Frenli Ray", "unit": 1, "created_date": "2023-01-23", "quantity": 200.0, "price": 137.16, "total": 27432.0}}, {"model": "expense.expense", "pk": 61, "fields": {"company": 3, "category": 10, "title": "Hettich K²smi A²l²m 350mm Quadro Frenli Ray", "unit": 1, "created_date": "2023-01-23", "quantity": 200.0, "price": 140.69, "total": 28138.0}}, {"model": "expense.expense", "pk": 62, "fields": {"company": 3, "category": 10, "title": "Hettich K²smi A²l²m 400mm Quadro Frenli Ray", "unit": 1, "created_date": "2023-01-23", "quantity": 60.0, "price": 144.07, "total": 8644.199999999999}}, {"model": "expense.expense", "pk": 63, "fields": {"company": 3, "category": 10, "title": "performa Kapak Makas² Plastik Metali", "unit": 1, "created_date": "2023-01-23", "quantity": 100.0, "price": 25.0, "total": 2500.0}}, {"model": "expense.expense", "pk": 64, "fields": {"company": 3, "category": 10, "title": "Hettich Sensys Frenli D³z Mente■e", "unit": 1, "created_date": "2023-01-23", "quantity": 200.0, "price": 0.0, "total": 0.0}}, {"model": "expense.expense", "pk": 65, "fields": {"company": 3, "category": 10, "title": "Hettich Sensys Frenli D³z Mente■e", "unit": 1, "created_date": "2023-01-23", "quantity": 200.0, "price": 0.0, "total": 0.0}}, {"model": "expense.expense", "pk": 66, "fields": {"company": 3, "category": 10, "title": "Hettich Sensys Frenli D³z Mente■e", "unit": 1, "created_date": "2023-01-23", "quantity": 150.0, "price": 0.0, "total": 0.0}}, {"model": "expense.expense", "pk": 67, "fields": {"company": 3, "category": 10, "title": "Hettich Sensys Frenli D³z Mente■e", "unit": 1, "created_date": "2023-01-23", "quantity": 75.0, "price": 0.0, "total": 0.0}}, {"model": "expense.expense", "pk": 68, "fields": {"company": 3, "category": 10, "title": "MDF 30mm 210x280 Ãamsan", "unit": 1, "created_date": "2023-01-23", "quantity": 5.0, "price": 2500.0, "total": 12500.0}}, {"model": "expense.expense", "pk": 69, "fields": {"company": 3, "category": 10, "title": "AGT MDF 12mm 210x280", "unit": 1, "created_date": "2023-01-23", "quantity": 4.0, "price": 682.0, "total": 2728.0}}, {"model": "expense.expense", "pk": 70, "fields": {"company": 3, "category": 10, "title": "MDF 18mm 210x280 Ãamsan VEGA", "unit": 1, "created_date": "2023-01-23", "quantity": 32.0, "price": 710.0, "total": 22720.0}}, {"model": "expense.expense", "pk": 71, "fields": {"company": 2, "category": 10, "title": "12mm 90C Hausa", "unit": 1, "created_date": "2023-01-23", "quantity": 5.0, "price": 205.0, "total": 1025.0}}, {"model": "expense.expense", "pk": 72, "fields": {"company": 2, "category": 10, "title": "16.5mm Hausa", "unit": 1, "created_date": "2023-01-23", "quantity": 5.0, "price": 235.0, "total": 1175.0}}, {"model": "expense.expense", "pk": 73, "fields": {"company": 6, "category": 10, "title": "Masa Aya­² 78cm", "unit": 1, "created_date": "2023-01-23", "quantity": 90.0, "price": 50.0, "total": 4500.0}}, {"model": "expense.expense", "pk": 74, "fields": {"company": 18, "category": 10, "title": "A²l²r Masa Ak²ll² Mente■e", "unit": 1, "created_date": "2023-01-24", "quantity": 10.0, "price": 21.5, "total": 215.0}}, {"model": "expense.expense", "pk": 75, "fields": {"company": 19, "category": 9, "title": "Ãorap", "unit": 1, "created_date": "2023-01-24", "quantity": 5.0, "price": 13.95, "total": 69.75}}, {"model": "expense.expense", "pk": 76, "fields": {"company": 20, "category": 9, "title": "Bo■ Boya Kutusu", "unit": 1, "created_date": "2023-01-24", "quantity": 5.0, "price": 7.0, "total": 35.0}}, {"model": "expense.expense", "pk": 77, "fields": {"company": 21, "category": 9, "title": "Kay²■", "unit": 1, "created_date": "2023-01-24", "quantity": 2.0, "price": 115.0, "total": 230.0}}, {"model": "expense.expense", "pk": 78, "fields": {"company": 4, "category": 10, "title": "Pirin Katlan²r Masa Mente■esi 12mm", "unit": 1, "created_date": "2023-01-26", "quantity": 20.0, "price": 28.0, "total": 560.0}}, {"model": "expense.expense", "pk": 79, "fields": {"company": 22, "category": 9, "title": "Motor Tamir", "unit": 1, "created_date": "2023-01-26", "quantity": 1.0, "price": 525.0, "total": 525.0}}, {"model": "expense.expense", "pk": 80, "fields": {"company": 23, "category": 6, "title": "Akaryak²t", "unit": 1, "created_date": "2023-01-26", "quantity": 1.0, "price": 500.0, "total": 500.0}}, {"model": "expense.expense", "pk": 81, "fields": {"company": 3, "category": 10, "title": "MDF 04mm 210x280 Ãamsan", "unit": 1, "created_date": "2023-01-26", "quantity": 15.0, "price": 253.0, "total": 3795.0}}, {"model": "expense.expense", "pk": 82, "fields": {"company": 3, "category": 10, "title": "AGT MDF 12mm 210x280", "unit": 1, "created_date": "2023-01-26", "quantity": 15.0, "price": 682.0, "total": 10230.0}}, {"model": "expense.expense", "pk": 83, "fields": {"company": 24, "category": 4, "title": "Ãay Makinesi Ãevirmeli Metal 120 Bardak 12L", "unit": 1, "created_date": "2023-01-26", "quantity": 1.0, "price": 1629.72, "total": 1629.72}}, {"model": "expense.expense", "pk": 84, "fields": {"company": 25, "category": 13, "title": "Nakliyat Ídeme", "unit": 1, "created_date": "2023-01-27", "quantity": 1.0, "price": 3500.0, "total": 3500.0}}, {"model": "expense.expense", "pk": 85, "fields": {"company": 26, "category": 13, "title": "Forklift Kiralama", "unit": 1, "created_date": "2023-01-27", "quantity": 1.0, "price": 300.0, "total": 300.0}}, {"model": "expense.expense", "pk": 86, "fields": {"company": 27, "category": 3, "title": "Test Sunucu Paket", "unit": 1, "created_date": "2023-01-27", "quantity": 1.0, "price": 1000.0, "total": 1000.0}}, {"model": "expense.expense", "pk": 87, "fields": {"company": 4, "category": 9, "title": "Daire Boru Tutucu Kapal² Flans Krom Nobel", "unit": 1, "created_date": "2023-01-30", "quantity": 2.0, "price": 13.0, "total": 26.0}}, {"model": "expense.excel", "pk": 1, "fields": {"file": "add-expense_u5rDw6E.xlsx"}}, {"model": "expense.excel", "pk": 12, "fields": {"file": "add-expense_v1yueOz.xlsx"}}, {"model": "expense.excel", "pk": 14, "fields": {"file": "add-expense_FYJ2eMe.xlsx"}}, {"model": "expense.excel", "pk": 15, "fields": {"file": "add-expense_dsr8vD1.xlsx"}}, {"model": "expense.excel", "pk": 24, "fields": {"file": ""}}, {"model": "expense.excel", "pk": 25, "fields": {"file": ""}}, {"model": "expense.excel", "pk": 26, "fields": {"file": ""}}, {"model": "expense.excel", "pk": 27, "fields": {"file": ""}}, {"model": "expense.excel", "pk": 28, "fields": {"file": ""}}, {"model": "expense.excel", "pk": 29, "fields": {"file": ""}}, {"model": "expense.excel", "pk": 31, "fields": {"file": ""}}, {"model": "expense.excel", "pk": 32, "fields": {"file": ""}}, {"model": "expense.excel", "pk": 33, "fields": {"file": ""}}, {"model": "expense.excel", "pk": 35, "fields": {"file": ""}}, {"model": "expense.excel", "pk": 36, "fields": {"file": ""}}, {"model": "expense.excel", "pk": 37, "fields": {"file": ""}}, {"model": "expense.excel", "pk": 38, "fields": {"file": ""}}, {"model": "expense.excel", "pk": 39, "fields": {"file": ""}}, {"model": "expense.excel", "pk": 40, "fields": {"file": ""}}, {"model": "expense.excel", "pk": 41, "fields": {"file": ""}}, {"model": "expense.excel", "pk": 42, "fields": {"file": ""}}, {"model": "expense.excel", "pk": 43, "fields": {"file": ""}}, {"model": "expense.excel", "pk": 44, "fields": {"file": ""}}, {"model": "expense.excel", "pk": 45, "fields": {"file": ""}}, {"model": "expense.excel", "pk": 46, "fields": {"file": ""}}, {"model": "expense.excel", "pk": 47, "fields": {"file": ""}}, {"model": "expense.excel", "pk": 48, "fields": {"file": ""}}, {"model": "expense.excel", "pk": 49, "fields": {"file": ""}}, {"model": "expense.excel", "pk": 50, "fields": {"file": ""}}, {"model": "expense.excel", "pk": 51, "fields": {"file": ""}}, {"model": "expense.excel", "pk": 52, "fields": {"file": ""}}, {"model": "expense.excel", "pk": 53, "fields": {"file": ""}}, {"model": "expense.excel", "pk": 54, "fields": {"file": ""}}, {"model": "expense.excel", "pk": 55, "fields": {"file": ""}}, {"model": "expense.excel", "pk": 56, "fields": {"file": ""}}, {"model": "expense.excel", "pk": 57, "fields": {"file": ""}}, {"model": "expense.excel", "pk": 60, "fields": {"file": ""}}, {"model": "expense.excel", "pk": 61, "fields": {"file": ""}}, {"model": "expense.excel", "pk": 62, "fields": {"file": ""}}]
